C,degree,gamma,kernel,mean_f1,rank
0.1,2,scale,linear,0.611111111111111,242
0.1,2,scale,poly,0.15384615384615385,522
0.1,2,scale,rbf,0.15384615384615385,522
0.1,2,scale,sigmoid,0.15384615384615385,522
0.1,2,auto,linear,0.611111111111111,242
0.1,2,auto,poly,0.15384615384615385,522
0.1,2,auto,rbf,0.15384615384615385,522
0.1,2,auto,sigmoid,0.15384615384615385,522
0.1,2,0.01,linear,0.611111111111111,242
0.1,2,0.01,poly,0.13333333333333333,595
0.1,2,0.01,rbf,0.15384615384615385,522
0.1,2,0.01,sigmoid,0.15384615384615385,522
0.1,2,0.1,linear,0.611111111111111,242
0.1,2,0.1,poly,0.3333333333333333,478
0.1,2,0.1,rbf,0.15384615384615385,522
0.1,2,0.1,sigmoid,0.16666666666666666,509
0.1,2,1.0,linear,0.611111111111111,242
0.1,2,1.0,poly,0.3333333333333333,478
0.1,2,1.0,rbf,0.15384615384615385,522
0.1,2,1.0,sigmoid,0.16666666666666666,509
0.1,3,scale,linear,0.611111111111111,242
0.1,3,scale,poly,0.42835595776772245,447
0.1,3,scale,rbf,0.15384615384615385,522
0.1,3,scale,sigmoid,0.15384615384615385,522
0.1,3,auto,linear,0.611111111111111,242
0.1,3,auto,poly,0.4411764705882353,427
0.1,3,auto,rbf,0.15384615384615385,522
0.1,3,auto,sigmoid,0.15384615384615385,522
0.1,3,0.01,linear,0.611111111111111,242
0.1,3,0.01,poly,0.3055555555555555,493
0.1,3,0.01,rbf,0.15384615384615385,522
0.1,3,0.01,sigmoid,0.15384615384615385,522
0.1,3,0.1,linear,0.611111111111111,242
0.1,3,0.1,poly,0.7047619047619048,23
0.1,3,0.1,rbf,0.15384615384615385,522
0.1,3,0.1,sigmoid,0.16666666666666666,509
0.1,3,1.0,linear,0.611111111111111,242
0.1,3,1.0,poly,0.7047619047619048,23
0.1,3,1.0,rbf,0.15384615384615385,522
0.1,3,1.0,sigmoid,0.16666666666666666,509
0.1,4,scale,linear,0.611111111111111,242
0.1,4,scale,poly,0.4411764705882353,427
0.1,4,scale,rbf,0.15384615384615385,522
0.1,4,scale,sigmoid,0.15384615384615385,522
0.1,4,auto,linear,0.611111111111111,242
0.1,4,auto,poly,0.25,496
0.1,4,auto,rbf,0.15384615384615385,522
0.1,4,auto,sigmoid,0.15384615384615385,522
0.1,4,0.01,linear,0.611111111111111,242
0.1,4,0.01,poly,0.2222222222222222,497
0.1,4,0.01,rbf,0.15384615384615385,522
0.1,4,0.01,sigmoid,0.15384615384615385,522
0.1,4,0.1,linear,0.611111111111111,242
0.1,4,0.1,poly,0.3956043956043956,459
0.1,4,0.1,rbf,0.15384615384615385,522
0.1,4,0.1,sigmoid,0.16666666666666666,509
0.1,4,1.0,linear,0.611111111111111,242
0.1,4,1.0,poly,0.3956043956043956,459
0.1,4,1.0,rbf,0.15384615384615385,522
0.1,4,1.0,sigmoid,0.16666666666666666,509
0.1,5,scale,linear,0.611111111111111,242
0.1,5,scale,poly,0.4411764705882353,427
0.1,5,scale,rbf,0.15384615384615385,522
0.1,5,scale,sigmoid,0.15384615384615385,522
0.1,5,auto,linear,0.611111111111111,242
0.1,5,auto,poly,0.0,597
0.1,5,auto,rbf,0.15384615384615385,522
0.1,5,auto,sigmoid,0.15384615384615385,522
0.1,5,0.01,linear,0.611111111111111,242
0.1,5,0.01,poly,0.2222222222222222,497
0.1,5,0.01,rbf,0.15384615384615385,522
0.1,5,0.01,sigmoid,0.15384615384615385,522
0.1,5,0.1,linear,0.611111111111111,242
0.1,5,0.1,poly,0.6,347
0.1,5,0.1,rbf,0.15384615384615385,522
0.1,5,0.1,sigmoid,0.16666666666666666,509
0.1,5,1.0,linear,0.611111111111111,242
0.1,5,1.0,poly,0.6,347
0.1,5,1.0,rbf,0.15384615384615385,522
0.1,5,1.0,sigmoid,0.16666666666666666,509
0.1,6,scale,linear,0.611111111111111,242
0.1,6,scale,poly,0.16666666666666666,509
0.1,6,scale,rbf,0.15384615384615385,522
0.1,6,scale,sigmoid,0.15384615384615385,522
0.1,6,auto,linear,0.611111111111111,242
0.1,6,auto,poly,0.0,597
0.1,6,auto,rbf,0.15384615384615385,522
0.1,6,auto,sigmoid,0.15384615384615385,522
0.1,6,0.01,linear,0.611111111111111,242
0.1,6,0.01,poly,0.2222222222222222,497
0.1,6,0.01,rbf,0.15384615384615385,522
0.1,6,0.01,sigmoid,0.15384615384615385,522
0.1,6,0.1,linear,0.611111111111111,242
0.1,6,0.1,poly,0.42857142857142855,437
0.1,6,0.1,rbf,0.15384615384615385,522
0.1,6,0.1,sigmoid,0.16666666666666666,509
0.1,6,1.0,linear,0.611111111111111,242
0.1,6,1.0,poly,0.42857142857142855,437
0.1,6,1.0,rbf,0.15384615384615385,522
0.1,6,1.0,sigmoid,0.16666666666666666,509
1.0,2,scale,linear,0.611111111111111,242
1.0,2,scale,poly,0.4166666666666667,448
1.0,2,scale,rbf,0.4656084656084656,417
1.0,2,scale,sigmoid,0.6632996632996633,147
1.0,2,auto,linear,0.611111111111111,242
1.0,2,auto,poly,0.08333333333333333,596
1.0,2,auto,rbf,0.4656084656084656,417
1.0,2,auto,sigmoid,0.5984848484848485,357
1.0,2,0.01,linear,0.611111111111111,242
1.0,2,0.01,poly,0.3666666666666667,475
1.0,2,0.01,rbf,0.5037037037037037,389
1.0,2,0.01,sigmoid,0.7037037037037037,35
1.0,2,0.1,linear,0.611111111111111,242
1.0,2,0.1,poly,0.3333333333333333,478
1.0,2,0.1,rbf,0.15384615384615385,522
1.0,2,0.1,sigmoid,0.4296296296296296,432
1.0,2,1.0,linear,0.611111111111111,242
1.0,2,1.0,poly,0.3333333333333333,478
1.0,2,1.0,rbf,0.15384615384615385,522
1.0,2,1.0,sigmoid,0.3878787878787879,470
1.0,3,scale,linear,0.611111111111111,242
1.0,3,scale,poly,0.47222222222222215,416
1.0,3,scale,rbf,0.4656084656084656,417
1.0,3,scale,sigmoid,0.6632996632996633,147
1.0,3,auto,linear,0.611111111111111,242
1.0,3,auto,poly,0.14814814814814814,594
1.0,3,auto,rbf,0.4656084656084656,417
1.0,3,auto,sigmoid,0.5984848484848485,357
1.0,3,0.01,linear,0.611111111111111,242
1.0,3,0.01,poly,0.4388888888888889,430
1.0,3,0.01,rbf,0.5037037037037037,389
1.0,3,0.01,sigmoid,0.7037037037037037,35
1.0,3,0.1,linear,0.611111111111111,242
1.0,3,0.1,poly,0.7047619047619048,23
1.0,3,0.1,rbf,0.15384615384615385,522
1.0,3,0.1,sigmoid,0.4296296296296296,432
1.0,3,1.0,linear,0.611111111111111,242
1.0,3,1.0,poly,0.7047619047619048,23
1.0,3,1.0,rbf,0.15384615384615385,522
1.0,3,1.0,sigmoid,0.3878787878787879,470
1.0,4,scale,linear,0.611111111111111,242
1.0,4,scale,poly,0.2222222222222222,497
1.0,4,scale,rbf,0.4656084656084656,417
1.0,4,scale,sigmoid,0.6632996632996633,147
1.0,4,auto,linear,0.611111111111111,242
1.0,4,auto,poly,0.0,597
1.0,4,auto,rbf,0.4656084656084656,417
1.0,4,auto,sigmoid,0.5984848484848485,357
1.0,4,0.01,linear,0.611111111111111,242
1.0,4,0.01,poly,0.3386243386243386,476
1.0,4,0.01,rbf,0.5037037037037037,389
1.0,4,0.01,sigmoid,0.7037037037037037,35
1.0,4,0.1,linear,0.611111111111111,242
1.0,4,0.1,poly,0.3956043956043956,459
1.0,4,0.1,rbf,0.15384615384615385,522
1.0,4,0.1,sigmoid,0.4296296296296296,432
1.0,4,1.0,linear,0.611111111111111,242
1.0,4,1.0,poly,0.3956043956043956,459
1.0,4,1.0,rbf,0.15384615384615385,522
1.0,4,1.0,sigmoid,0.3878787878787879,470
1.0,5,scale,linear,0.611111111111111,242
1.0,5,scale,poly,0.2222222222222222,497
1.0,5,scale,rbf,0.4656084656084656,417
1.0,5,scale,sigmoid,0.6632996632996633,147
1.0,5,auto,linear,0.611111111111111,242
1.0,5,auto,poly,0.0,597
1.0,5,auto,rbf,0.4656084656084656,417
1.0,5,auto,sigmoid,0.5984848484848485,357
1.0,5,0.01,linear,0.611111111111111,242
1.0,5,0.01,poly,0.48148148148148145,404
1.0,5,0.01,rbf,0.5037037037037037,389
1.0,5,0.01,sigmoid,0.7037037037037037,35
1.0,5,0.1,linear,0.611111111111111,242
1.0,5,0.1,poly,0.6,347
1.0,5,0.1,rbf,0.15384615384615385,522
1.0,5,0.1,sigmoid,0.4296296296296296,432
1.0,5,1.0,linear,0.611111111111111,242
1.0,5,1.0,poly,0.6,347
1.0,5,1.0,rbf,0.15384615384615385,522
1.0,5,1.0,sigmoid,0.3878787878787879,470
1.0,6,scale,linear,0.611111111111111,242
1.0,6,scale,poly,0.2222222222222222,497
1.0,6,scale,rbf,0.4656084656084656,417
1.0,6,scale,sigmoid,0.6632996632996633,147
1.0,6,auto,linear,0.611111111111111,242
1.0,6,auto,poly,0.0,597
1.0,6,auto,rbf,0.4656084656084656,417
1.0,6,auto,sigmoid,0.5984848484848485,357
1.0,6,0.01,linear,0.611111111111111,242
1.0,6,0.01,poly,0.2738095238095238,495
1.0,6,0.01,rbf,0.5037037037037037,389
1.0,6,0.01,sigmoid,0.7037037037037037,35
1.0,6,0.1,linear,0.611111111111111,242
1.0,6,0.1,poly,0.42857142857142855,437
1.0,6,0.1,rbf,0.15384615384615385,522
1.0,6,0.1,sigmoid,0.4296296296296296,432
1.0,6,1.0,linear,0.611111111111111,242
1.0,6,1.0,poly,0.42857142857142855,437
1.0,6,1.0,rbf,0.15384615384615385,522
1.0,6,1.0,sigmoid,0.3878787878787879,470
10.0,2,scale,linear,0.611111111111111,242
10.0,2,scale,poly,0.3111111111111111,491
10.0,2,scale,rbf,0.6262626262626262,204
10.0,2,scale,sigmoid,0.5402597402597403,362
10.0,2,auto,linear,0.611111111111111,242
10.0,2,auto,poly,0.3111111111111111,491
10.0,2,auto,rbf,0.5373737373737374,367
10.0,2,auto,sigmoid,0.6735930735930736,112
10.0,2,0.01,linear,0.611111111111111,242
10.0,2,0.01,poly,0.3333333333333333,478
10.0,2,0.01,rbf,0.4740740740740741,406
10.0,2,0.01,sigmoid,0.6222222222222222,214
10.0,2,0.1,linear,0.611111111111111,242
10.0,2,0.1,poly,0.3333333333333333,478
10.0,2,0.1,rbf,0.15384615384615385,522
10.0,2,0.1,sigmoid,0.48888888888888893,394
10.0,2,1.0,linear,0.611111111111111,242
10.0,2,1.0,poly,0.3333333333333333,478
10.0,2,1.0,rbf,0.15384615384615385,522
10.0,2,1.0,sigmoid,0.4000000000000001,449
10.0,3,scale,linear,0.611111111111111,242
10.0,3,scale,poly,0.3055555555555555,493
10.0,3,scale,rbf,0.6262626262626262,204
10.0,3,scale,sigmoid,0.5402597402597403,362
10.0,3,auto,linear,0.611111111111111,242
10.0,3,auto,poly,0.4388888888888889,430
10.0,3,auto,rbf,0.5373737373737374,367
10.0,3,auto,sigmoid,0.6735930735930736,112
10.0,3,0.01,linear,0.611111111111111,242
10.0,3,0.01,poly,0.7047619047619048,23
10.0,3,0.01,rbf,0.4740740740740741,406
10.0,3,0.01,sigmoid,0.6222222222222222,214
10.0,3,0.1,linear,0.611111111111111,242
10.0,3,0.1,poly,0.7047619047619048,23
10.0,3,0.1,rbf,0.15384615384615385,522
10.0,3,0.1,sigmoid,0.48888888888888893,394
10.0,3,1.0,linear,0.611111111111111,242
10.0,3,1.0,poly,0.7047619047619048,23
10.0,3,1.0,rbf,0.15384615384615385,522
10.0,3,1.0,sigmoid,0.4000000000000001,449
10.0,4,scale,linear,0.611111111111111,242
10.0,4,scale,poly,0.16666666666666666,509
10.0,4,scale,rbf,0.6262626262626262,204
10.0,4,scale,sigmoid,0.5402597402597403,362
10.0,4,auto,linear,0.611111111111111,242
10.0,4,auto,poly,0.2222222222222222,497
10.0,4,auto,rbf,0.5373737373737374,367
10.0,4,auto,sigmoid,0.6735930735930736,112
10.0,4,0.01,linear,0.611111111111111,242
10.0,4,0.01,poly,0.3956043956043956,459
10.0,4,0.01,rbf,0.4740740740740741,406
10.0,4,0.01,sigmoid,0.6222222222222222,214
10.0,4,0.1,linear,0.611111111111111,242
10.0,4,0.1,poly,0.3956043956043956,459
10.0,4,0.1,rbf,0.15384615384615385,522
10.0,4,0.1,sigmoid,0.48888888888888893,394
10.0,4,1.0,linear,0.611111111111111,242
10.0,4,1.0,poly,0.3956043956043956,459
10.0,4,1.0,rbf,0.15384615384615385,522
10.0,4,1.0,sigmoid,0.4000000000000001,449
10.0,5,scale,linear,0.611111111111111,242
10.0,5,scale,poly,0.2222222222222222,497
10.0,5,scale,rbf,0.6262626262626262,204
10.0,5,scale,sigmoid,0.5402597402597403,362
10.0,5,auto,linear,0.611111111111111,242
10.0,5,auto,poly,0.2222222222222222,497
10.0,5,auto,rbf,0.5373737373737374,367
10.0,5,auto,sigmoid,0.6735930735930736,112
10.0,5,0.01,linear,0.611111111111111,242
10.0,5,0.01,poly,0.6,347
10.0,5,0.01,rbf,0.4740740740740741,406
10.0,5,0.01,sigmoid,0.6222222222222222,214
10.0,5,0.1,linear,0.611111111111111,242
10.0,5,0.1,poly,0.6,347
10.0,5,0.1,rbf,0.15384615384615385,522
10.0,5,0.1,sigmoid,0.48888888888888893,394
10.0,5,1.0,linear,0.611111111111111,242
10.0,5,1.0,poly,0.6,347
10.0,5,1.0,rbf,0.15384615384615385,522
10.0,5,1.0,sigmoid,0.4000000000000001,449
10.0,6,scale,linear,0.611111111111111,242
10.0,6,scale,poly,0.2222222222222222,497
10.0,6,scale,rbf,0.6262626262626262,204
10.0,6,scale,sigmoid,0.5402597402597403,362
10.0,6,auto,linear,0.611111111111111,242
10.0,6,auto,poly,0.2222222222222222,497
10.0,6,auto,rbf,0.5373737373737374,367
10.0,6,auto,sigmoid,0.6735930735930736,112
10.0,6,0.01,linear,0.611111111111111,242
10.0,6,0.01,poly,0.42857142857142855,437
10.0,6,0.01,rbf,0.4740740740740741,406
10.0,6,0.01,sigmoid,0.6222222222222222,214
10.0,6,0.1,linear,0.611111111111111,242
10.0,6,0.1,poly,0.42857142857142855,437
10.0,6,0.1,rbf,0.15384615384615385,522
10.0,6,0.1,sigmoid,0.48888888888888893,394
10.0,6,1.0,linear,0.611111111111111,242
10.0,6,1.0,poly,0.42857142857142855,437
10.0,6,1.0,rbf,0.15384615384615385,522
10.0,6,1.0,sigmoid,0.4000000000000001,449
100.0,2,scale,linear,0.611111111111111,242
100.0,2,scale,poly,0.3333333333333333,478
100.0,2,scale,rbf,0.6262626262626262,204
100.0,2,scale,sigmoid,0.6735930735930736,112
100.0,2,auto,linear,0.611111111111111,242
100.0,2,auto,poly,0.3333333333333333,478
100.0,2,auto,rbf,0.5373737373737374,367
100.0,2,auto,sigmoid,0.6735930735930736,112
100.0,2,0.01,linear,0.611111111111111,242
100.0,2,0.01,poly,0.3333333333333333,478
100.0,2,0.01,rbf,0.4740740740740741,406
100.0,2,0.01,sigmoid,0.7111111111111112,13
100.0,2,0.1,linear,0.611111111111111,242
100.0,2,0.1,poly,0.3333333333333333,478
100.0,2,0.1,rbf,0.15384615384615385,522
100.0,2,0.1,sigmoid,0.48888888888888893,394
100.0,2,1.0,linear,0.611111111111111,242
100.0,2,1.0,poly,0.3333333333333333,478
100.0,2,1.0,rbf,0.15384615384615385,522
100.0,2,1.0,sigmoid,0.4000000000000001,449
100.0,3,scale,linear,0.611111111111111,242
100.0,3,scale,poly,0.7047619047619048,23
100.0,3,scale,rbf,0.6262626262626262,204
100.0,3,scale,sigmoid,0.6735930735930736,112
100.0,3,auto,linear,0.611111111111111,242
100.0,3,auto,poly,0.7047619047619048,23
100.0,3,auto,rbf,0.5373737373737374,367
100.0,3,auto,sigmoid,0.6735930735930736,112
100.0,3,0.01,linear,0.611111111111111,242
100.0,3,0.01,poly,0.7047619047619048,23
100.0,3,0.01,rbf,0.4740740740740741,406
100.0,3,0.01,sigmoid,0.7111111111111112,13
100.0,3,0.1,linear,0.611111111111111,242
100.0,3,0.1,poly,0.7047619047619048,23
100.0,3,0.1,rbf,0.15384615384615385,522
100.0,3,0.1,sigmoid,0.48888888888888893,394
100.0,3,1.0,linear,0.611111111111111,242
100.0,3,1.0,poly,0.7047619047619048,23
100.0,3,1.0,rbf,0.15384615384615385,522
100.0,3,1.0,sigmoid,0.4000000000000001,449
100.0,4,scale,linear,0.611111111111111,242
100.0,4,scale,poly,0.3386243386243386,476
100.0,4,scale,rbf,0.6262626262626262,204
100.0,4,scale,sigmoid,0.6735930735930736,112
100.0,4,auto,linear,0.611111111111111,242
100.0,4,auto,poly,0.3956043956043956,459
100.0,4,auto,rbf,0.5373737373737374,367
100.0,4,auto,sigmoid,0.6735930735930736,112
100.0,4,0.01,linear,0.611111111111111,242
100.0,4,0.01,poly,0.3956043956043956,459
100.0,4,0.01,rbf,0.4740740740740741,406
100.0,4,0.01,sigmoid,0.7111111111111112,13
100.0,4,0.1,linear,0.611111111111111,242
100.0,4,0.1,poly,0.3956043956043956,459
100.0,4,0.1,rbf,0.15384615384615385,522
100.0,4,0.1,sigmoid,0.48888888888888893,394
100.0,4,1.0,linear,0.611111111111111,242
100.0,4,1.0,poly,0.3956043956043956,459
100.0,4,1.0,rbf,0.15384615384615385,522
100.0,4,1.0,sigmoid,0.4000000000000001,449
100.0,5,scale,linear,0.611111111111111,242
100.0,5,scale,poly,0.3333333333333333,478
100.0,5,scale,rbf,0.6262626262626262,204
100.0,5,scale,sigmoid,0.6735930735930736,112
100.0,5,auto,linear,0.611111111111111,242
100.0,5,auto,poly,0.48148148148148145,404
100.0,5,auto,rbf,0.5373737373737374,367
100.0,5,auto,sigmoid,0.6735930735930736,112
100.0,5,0.01,linear,0.611111111111111,242
100.0,5,0.01,poly,0.6,347
100.0,5,0.01,rbf,0.4740740740740741,406
100.0,5,0.01,sigmoid,0.7111111111111112,13
100.0,5,0.1,linear,0.611111111111111,242
100.0,5,0.1,poly,0.6,347
100.0,5,0.1,rbf,0.15384615384615385,522
100.0,5,0.1,sigmoid,0.48888888888888893,394
100.0,5,1.0,linear,0.611111111111111,242
100.0,5,1.0,poly,0.6,347
100.0,5,1.0,rbf,0.15384615384615385,522
100.0,5,1.0,sigmoid,0.4000000000000001,449
100.0,6,scale,linear,0.611111111111111,242
100.0,6,scale,poly,0.19047619047619047,508
100.0,6,scale,rbf,0.6262626262626262,204
100.0,6,scale,sigmoid,0.6735930735930736,112
100.0,6,auto,linear,0.611111111111111,242
100.0,6,auto,poly,0.16666666666666666,509
100.0,6,auto,rbf,0.5373737373737374,367
100.0,6,auto,sigmoid,0.6735930735930736,112
100.0,6,0.01,linear,0.611111111111111,242
100.0,6,0.01,poly,0.42857142857142855,437
100.0,6,0.01,rbf,0.4740740740740741,406
100.0,6,0.01,sigmoid,0.7111111111111112,13
100.0,6,0.1,linear,0.611111111111111,242
100.0,6,0.1,poly,0.42857142857142855,437
100.0,6,0.1,rbf,0.15384615384615385,522
100.0,6,0.1,sigmoid,0.48888888888888893,394
100.0,6,1.0,linear,0.611111111111111,242
100.0,6,1.0,poly,0.42857142857142855,437
100.0,6,1.0,rbf,0.15384615384615385,522
100.0,6,1.0,sigmoid,0.4000000000000001,449
0.1,2,0.01,linear,0.6613247863247863,152
100.0,6,0.01,linear,0.6910714285714286,40
100.0,6,0.1,linear,0.6910714285714286,40
0.1,2,auto,linear,0.6613247863247863,152
100.0,6,1.0,linear,0.6910714285714286,40
0.1,2,0.1,linear,0.6613247863247863,152
100.0,5,scale,linear,0.6910714285714286,40
0.1,3,0.01,linear,0.6613247863247863,152
0.1,3,0.1,linear,0.6613247863247863,152
100.0,3,scale,linear,0.6910714285714286,40
100.0,3,auto,linear,0.6910714285714286,40
100.0,3,0.01,linear,0.6910714285714286,40
100.0,3,0.1,linear,0.6910714285714286,40
0.1,4,0.1,linear,0.6613247863247863,152
100.0,3,1.0,linear,0.6910714285714286,40
0.1,4,0.01,linear,0.6613247863247863,152
0.1,4,auto,linear,0.6613247863247863,152
100.0,4,scale,linear,0.6910714285714286,40
100.0,4,auto,linear,0.6910714285714286,40
0.1,4,scale,linear,0.6613247863247863,152
100.0,4,0.01,linear,0.6910714285714286,40
100.0,4,0.1,linear,0.6910714285714286,40
0.1,3,1.0,linear,0.6613247863247863,152
100.0,4,1.0,linear,0.6910714285714286,40
0.1,5,scale,linear,0.6613247863247863,152
10.0,6,0.1,linear,0.6910714285714286,40
0.1,2,scale,linear,0.6613247863247863,152
10.0,6,0.01,linear,0.6910714285714286,40
10.0,4,auto,linear,0.6910714285714286,40
1.0,5,0.1,linear,0.6910714285714286,40
1.0,3,0.01,linear,0.6910714285714286,40
1.0,4,scale,linear,0.6910714285714286,40
10.0,4,scale,linear,0.6910714285714286,40
1.0,2,0.1,linear,0.6910714285714286,40
1.0,6,scale,linear,0.6910714285714286,40
10.0,3,1.0,linear,0.6910714285714286,40
1.0,3,1.0,linear,0.6910714285714286,40
1.0,2,1.0,linear,0.6910714285714286,40
10.0,3,0.1,linear,0.6910714285714286,40
1.0,6,auto,linear,0.6910714285714286,40
1.0,6,0.01,linear,0.6910714285714286,40
10.0,3,0.01,linear,0.6910714285714286,40
1.0,6,0.1,linear,0.6910714285714286,40
10.0,3,auto,linear,0.6910714285714286,40
1.0,3,0.1,linear,0.6910714285714286,40
1.0,6,1.0,linear,0.6910714285714286,40
1.0,3,scale,linear,0.6910714285714286,40
10.0,3,scale,linear,0.6910714285714286,40
10.0,2,scale,linear,0.6910714285714286,40
10.0,2,1.0,linear,0.6910714285714286,40
1.0,3,auto,linear,0.6910714285714286,40
10.0,2,0.1,linear,0.6910714285714286,40
10.0,2,0.01,linear,0.6910714285714286,40
1.0,5,0.01,linear,0.6910714285714286,40
1.0,5,auto,linear,0.6910714285714286,40
1.0,5,1.0,linear,0.6910714285714286,40
1.0,5,scale,linear,0.6910714285714286,40
1.0,4,1.0,linear,0.6910714285714286,40
0.1,6,0.01,linear,0.6613247863247863,152
10.0,6,auto,linear,0.6910714285714286,40
0.1,6,0.1,linear,0.6613247863247863,152
10.0,6,scale,linear,0.6910714285714286,40
0.1,6,1.0,linear,0.6613247863247863,152
1.0,4,0.1,linear,0.6910714285714286,40
1.0,4,0.01,linear,0.6910714285714286,40
10.0,5,0.1,linear,0.6910714285714286,40
10.0,5,0.01,linear,0.6910714285714286,40
10.0,4,0.01,linear,0.6910714285714286,40
1.0,4,auto,linear,0.6910714285714286,40
1.0,2,scale,linear,0.6910714285714286,40
10.0,5,auto,linear,0.6910714285714286,40
10.0,2,auto,linear,0.6910714285714286,40
10.0,4,1.0,linear,0.6910714285714286,40
10.0,5,scale,linear,0.6910714285714286,40
1.0,2,0.01,linear,0.6910714285714286,40
1.0,2,auto,linear,0.6910714285714286,40
10.0,4,0.1,linear,0.6910714285714286,40
10.0,3,0.01,sigmoid,0.6294793779580798,199
10.0,2,0.01,sigmoid,0.6294793779580798,199
10.0,5,0.01,sigmoid,0.6294793779580798,199
10.0,6,0.01,sigmoid,0.6294793779580798,199
10.0,4,0.01,sigmoid,0.6294793779580798,199
10.0,2,scale,rbf,0.6114518777477621,237
100.0,5,scale,rbf,0.6356481481481482,189
10.0,6,scale,rbf,0.6114518777477621,237
10.0,4,scale,rbf,0.6114518777477621,237
10.0,5,scale,rbf,0.6114518777477621,237
10.0,3,scale,rbf,0.6114518777477621,237
100.0,2,scale,rbf,0.6356481481481482,189
100.0,6,scale,rbf,0.6356481481481482,189
100.0,4,scale,rbf,0.6356481481481482,189
100.0,3,scale,rbf,0.6356481481481482,189
1.0,3,scale,sigmoid,0.772053872053872,1
1.0,2,scale,sigmoid,0.772053872053872,1
1.0,4,scale,sigmoid,0.772053872053872,1
1.0,6,scale,sigmoid,0.772053872053872,1
1.0,5,scale,sigmoid,0.772053872053872,1
100.0,6,scale,sigmoid,0.6539682539682539,167
100.0,6,auto,sigmoid,0.6861389717177193,107
100.0,5,auto,sigmoid,0.6861389717177193,107
10.0,3,auto,sigmoid,0.667562724014337,137
10.0,2,auto,sigmoid,0.667562724014337,137
10.0,6,auto,sigmoid,0.667562724014337,137
100.0,2,scale,sigmoid,0.6539682539682539,167
100.0,2,auto,sigmoid,0.6861389717177193,107
10.0,5,auto,sigmoid,0.667562724014337,137
100.0,3,scale,sigmoid,0.6539682539682539,167
100.0,4,auto,sigmoid,0.6861389717177193,107
10.0,4,auto,sigmoid,0.667562724014337,137
100.0,3,auto,sigmoid,0.6861389717177193,107
100.0,4,scale,sigmoid,0.6539682539682539,167
100.0,5,scale,sigmoid,0.6539682539682539,167
1.0,5,0.01,sigmoid,0.7081093189964157,18
1.0,2,0.01,sigmoid,0.7081093189964157,18
1.0,4,0.01,sigmoid,0.7081093189964157,18
1.0,3,0.01,sigmoid,0.7081093189964157,18
1.0,6,0.01,sigmoid,0.7081093189964157,18
1.0,3,1.0,poly,0.52236958443855,377
0.1,3,0.1,poly,0.52236958443855,377
100.0,3,scale,poly,0.5102483723173378,386
10.0,3,1.0,poly,0.52236958443855,377
1.0,3,0.1,poly,0.52236958443855,377
0.1,3,1.0,poly,0.52236958443855,377
10.0,3,0.01,poly,0.5102483723173378,386
100.0,3,0.01,poly,0.52236958443855,377
10.0,3,0.1,poly,0.52236958443855,377
100.0,3,1.0,poly,0.52236958443855,377
100.0,3,0.1,poly,0.52236958443855,377
100.0,3,auto,poly,0.5102483723173378,386
100.0,6,0.01,sigmoid,0.6321416497633536,194
100.0,2,0.01,sigmoid,0.6321416497633536,194
100.0,5,0.01,sigmoid,0.6321416497633536,194
100.0,4,0.01,sigmoid,0.6321416497633536,194
100.0,3,0.01,sigmoid,0.6321416497633536,194
1.0,5,1.0,linear,0.6177618478693748,219
1.0,5,auto,linear,0.6177618478693748,219
1.0,5,0.01,linear,0.6177618478693748,219
10.0,2,0.01,linear,0.6523692408591573,172
10.0,2,0.1,linear,0.6523692408591573,172
1.0,3,auto,linear,0.6177618478693748,219
10.0,2,1.0,linear,0.6523692408591573,172
10.0,2,scale,linear,0.6523692408591573,172
10.0,3,scale,linear,0.6523692408591573,172
1.0,3,scale,linear,0.6177618478693748,219
1.0,6,1.0,linear,0.6177618478693748,219
1.0,3,0.1,linear,0.6177618478693748,219
10.0,3,auto,linear,0.6523692408591573,172
1.0,6,0.1,linear,0.6177618478693748,219
10.0,6,scale,linear,0.6523692408591573,172
1.0,2,1.0,linear,0.6177618478693748,219
10.0,3,0.1,linear,0.6523692408591573,172
1.0,4,0.01,linear,0.6177618478693748,219
1.0,2,0.1,linear,0.6177618478693748,219
1.0,6,scale,linear,0.6177618478693748,219
10.0,3,1.0,linear,0.6523692408591573,172
10.0,4,0.1,linear,0.6523692408591573,172
1.0,2,auto,linear,0.6177618478693748,219
1.0,2,0.01,linear,0.6177618478693748,219
10.0,5,scale,linear,0.6523692408591573,172
10.0,4,1.0,linear,0.6523692408591573,172
1.0,4,0.1,linear,0.6177618478693748,219
10.0,2,auto,linear,0.6523692408591573,172
10.0,5,0.01,linear,0.6523692408591573,172
1.0,2,scale,linear,0.6177618478693748,219
1.0,4,auto,linear,0.6177618478693748,219
10.0,4,0.01,linear,0.6523692408591573,172
1.0,3,1.0,linear,0.6177618478693748,219
10.0,5,0.1,linear,0.6523692408591573,172
10.0,5,auto,linear,0.6523692408591573,172
1.0,6,0.01,sigmoid,0.6087942127546088,342
1.0,3,0.01,sigmoid,0.6087942127546088,342
1.0,4,0.01,sigmoid,0.6087942127546088,342
1.0,2,0.01,sigmoid,0.6087942127546088,342
1.0,5,0.01,sigmoid,0.6087942127546088,342
1.0,6,scale,sigmoid,0.6873999476089298,102
1.0,4,scale,sigmoid,0.6873999476089298,102
1.0,2,scale,sigmoid,0.6873999476089298,102
1.0,3,scale,sigmoid,0.6873999476089298,102
1.0,5,scale,sigmoid,0.6873999476089298,102
10.0,2,scale,linear,0.6727063259321323,127
10.0,3,scale,linear,0.6727063259321323,127
10.0,5,0.01,linear,0.6727063259321323,127
10.0,2,auto,linear,0.6727063259321323,127
10.0,4,1.0,linear,0.6727063259321323,127
10.0,5,scale,linear,0.6727063259321323,127
10.0,4,0.1,linear,0.6727063259321323,127
10.0,3,1.0,linear,0.6727063259321323,127
10.0,3,auto,linear,0.6727063259321323,127
10.0,6,scale,linear,0.6727063259321323,127
1.0,3,scale,sigmoid,0.666619821232346,142
1.0,6,scale,sigmoid,0.666619821232346,142
1.0,4,scale,sigmoid,0.666619821232346,142
1.0,2,scale,sigmoid,0.666619821232346,142
1.0,5,scale,sigmoid,0.666619821232346,142
10.0,5,scale,linear,0.7392546488191405,8
10.0,4,0.1,linear,0.7392546488191405,8
10.0,3,1.0,linear,0.7392546488191405,8
10.0,3,auto,linear,0.7392546488191405,8
10.0,6,scale,linear,0.7392546488191405,8
10.0,3,auto,linear,0.7647870781761615,6
10.0,6,scale,linear,0.7647870781761615,6
